{"name":"9136ca6c-0f24-4848-a021-d1a514427575","id":"/providers/Microsoft.Flow/flows/9136ca6c-0f24-4848-a021-d1a514427575","type":"Microsoft.Flow/flows","properties":{"apiId":"/providers/Microsoft.PowerApps/apis/shared_logicflows","displayName":"Add/edit item to QnA Maker v1.0","definition":{"metadata":{"workflowEntityId":null,"processAdvisorMetadata":null,"flowclientsuspensionreason":"None","flowclientsuspensiontime":null,"creator":{"id":"8b2ef54b-5f09-4e08-a5a8-82a112e7c58e","type":"User","tenantId":"84c31ca0-ac3b-4eae-ad11-519d80233e6f"},"provisioningMethod":"FromDefinition","failureAlertSubscription":true,"clientLastModifiedTime":"2021-10-20T09:53:41.8715157Z"},"$schema":"https://schema.management.azure.com/providers/Microsoft.Logic/schemas/2016-06-01/workflowdefinition.json#","contentVersion":"1.0.0.0","parameters":{"$connections":{"defaultValue":{},"type":"Object"},"$authentication":{"defaultValue":{},"type":"SecureObject"}},"triggers":{"When_question_is_created_or_modified":{"recurrence":{"frequency":"Minute","interval":1},"splitOn":"@triggerBody()?['value']","metadata":{"flowSystemMetadata":{"swaggerOperationId":"GetOnUpdatedItems"}},"type":"ApiConnection","inputs":{"host":{"connection":{"name":"@parameters('$connections')['shared_sharepointonline']['connectionId']"},"api":{"runtimeUrl":"https://flow-apim-msmanaged-na-northcentralus-01.azure-apim.net/apim/sharepointonline"}},"method":"get","path":"/datasets/@{encodeURIComponent(encodeURIComponent('https://stdntpartners.sharepoint.com/sites/PowerPlatformQnAMakerBot'))}/tables/@{encodeURIComponent(encodeURIComponent('e19a0630-18f9-441d-8955-664c2b78f7f9'))}/onupdateditems","authentication":"@parameters('$authentication')"}}},"actions":{"Initialize_variable_qId":{"runAfter":{"Initialize_variable_kbId":["Succeeded"]},"type":"InitializeVariable","inputs":{"variables":[{"name":"qId","type":"String"}]}},"Initialize_subscriptionKey":{"runAfter":{},"type":"InitializeVariable","inputs":{"variables":[{"name":"subscriptionKey","type":"String"}]}},"Initialize_variable_kbId":{"runAfter":{"Initialize_subscriptionKey":["Succeeded"]},"type":"InitializeVariable","inputs":{"variables":[{"name":"kbId","type":"String"}]}},"Check_new_or_exiting_item":{"actions":{"HTTP_-_update_item_in_QnA_maker":{"runAfter":{},"type":"Http","inputs":{"method":"PATCH","uri":"https://mybott.azurewebsites.net/qnamaker/knowledgebases/67c41ea4-b877-45b4-a35b-f8a9e432b51d","headers":{"Content-Type":"application/json","Ocp-Apim-Subscription-Key":"f9f553525c0548a6881b5976da1bb7e7"},"body":{"update":{"name":"QnA Maker","qnaList":[{"id":"@triggerBody()?['qnaId']","answer":"@{triggerBody()?['Answer']}","source":"SPO","questions":{"add":["@{triggerBody()?['Title']}"]}}]}}}},"HTTP_-_publish":{"runAfter":{"HTTP_-_update_item_in_QnA_maker":["Succeeded"]},"type":"Http","inputs":{"method":"POST","uri":"https://mybott.azurewebsites.net/qnamaker/knowledgebases/67c41ea4-b877-45b4-a35b-f8a9e432b51d","headers":{"Ocp-Apim-Subscription-Key":"f9f553525c0548a6881b5976da1bb7e7"}}}},"runAfter":{"Initialize_variable_qId":["Succeeded"]},"else":{"actions":{"HTTP_-_add_item_to_QnA_Maker":{"runAfter":{},"type":"Http","inputs":{"method":"PATCH","uri":"https://mybott.cognitiveservices.azure.com/qnamaker/v4.0/knowledgebases/166ab2a5-5d0c-4401-aa51-41524cfa46b7","headers":{"Content-Type":"application/json","Ocp-Apim-Subscription-Key":"f4f5963c3a10438c840a8542952da4a1"},"body":{"add":{"qnaList":[{"id":0,"answer":"@{triggerBody()?['Column1']}","source":"SPO","questions":["@{triggerBody()?['Title']}"],"metadata":[{"name":"spid","value":"@{triggerBody()?['ID']}"}]}]}}}},"Delay_for_30s_for_operation_to_complete":{"runAfter":{"HTTP_-_add_item_to_QnA_Maker":["Succeeded"]},"type":"Wait","inputs":{"interval":{"count":30,"unit":"Second"}}},"HTTP_-_publish_KB":{"runAfter":{"Delay_for_30s_for_operation_to_complete":["Succeeded"]},"type":"Http","inputs":{"method":"POST","uri":"https://mybott.cognitiveservices.azure.com/qnamaker/v4.0/knowledgebases/166ab2a5-5d0c-4401-aa51-41524cfa46b7","headers":{"Ocp-Apim-Subscription-Key":"f4f5963c3a10438c840a8542952da4a1"}}},"Delay_for_another_30s_for_operation_to_complete":{"runAfter":{"HTTP_-_publish_KB":["Succeeded"]},"type":"Wait","inputs":{"interval":{"count":30,"unit":"Second"}}}}},"expression":{"not":{"equals":["@triggerBody()?['qnaId']",null]}},"type":"If"}},"outputs":{}},"connectionReferences":{"shared_sharepointonline":{"connectionName":"5fd7a2aa20a340af95086d2f7ee75b3f","source":"Embedded","id":"/providers/Microsoft.PowerApps/apis/shared_sharepointonline","tier":"NotSpecified"}},"flowFailureAlertSubscribed":false}}