{"name":"72061187-8e98-43eb-a1d6-c2dcb71167cc","id":"/providers/Microsoft.Flow/flows/72061187-8e98-43eb-a1d6-c2dcb71167cc","type":"Microsoft.Flow/flows","properties":{"apiId":"/providers/Microsoft.PowerApps/apis/shared_logicflows","displayName":"Telementry","definition":{"metadata":{"workflowEntityId":null,"processAdvisorMetadata":null,"flowclientsuspensionreason":"None","flowclientsuspensiontime":null,"creator":{"id":"8b2ef54b-5f09-4e08-a5a8-82a112e7c58e","type":"User","tenantId":"84c31ca0-ac3b-4eae-ad11-519d80233e6f"},"provisioningMethod":"FromDefinition","failureAlertSubscription":true,"clientLastModifiedTime":"2021-10-20T05:47:39.7980064Z"},"$schema":"https://schema.management.azure.com/providers/Microsoft.Logic/schemas/2016-06-01/workflowdefinition.json#","contentVersion":"1.0.0.0","parameters":{"$connections":{"defaultValue":{},"type":"Object"},"$authentication":{"defaultValue":{},"type":"SecureObject"}},"triggers":{"manual":{"type":"Request","kind":"Button","inputs":{"schema":{"type":"object","properties":{},"required":[]}}}},"actions":{"Visualize_Analytics_query":{"runAfter":{},"type":"OpenApiConnection","inputs":{"host":{"apiId":"/providers/Microsoft.PowerApps/apis/shared_applicationinsights","connectionName":"shared_applicationinsights_1","operationId":"VisualizeQuery"},"parameters":{"query":"requests\n| where url endswith \"generateAnswer\"\n| project timestamp, id, url, resultCode, duration, performanceBucket\n| parse kind = regex url with *\"(?i)knowledgebases/\"KbId\"/generateAnswer\"\n| join kind= inner (\ntraces | extend id = operation_ParentId\n) on id\n| extend question = tostring(customDimensions['Question'])\n| extend answer = tostring(customDimensions['Answer'])\n| extend score = tostring(customDimensions['Score'])\n| project timestamp, resultCode, duration, id, question, answer, score, performanceBucket,KbId","chartType":"Html Table","timerange":"Last 7 days"},"authentication":{"value":"@json(decodeBase64(triggerOutputs().headers['X-MS-APIM-Tokens']))['$ConnectionKey']","type":"Raw"}}},"Send_an_email_(V2)":{"runAfter":{"Visualize_Analytics_query":["Succeeded"]},"type":"OpenApiConnection","inputs":{"host":{"apiId":"/providers/Microsoft.PowerApps/apis/shared_office365","connectionName":"shared_office365","operationId":"SendEmailV2"},"parameters":{"emailMessage/To":"Someleze.Diko@studentambassadors.com","emailMessage/Subject":"Please view the most asked questions","emailMessage/Body":"<p>@{outputs('Visualize_Analytics_query')?['body/body']}</p>"},"authentication":{"value":"@json(decodeBase64(triggerOutputs().headers['X-MS-APIM-Tokens']))['$ConnectionKey']","type":"Raw"}}}}},"connectionReferences":{"shared_applicationinsights_1":{"connectionName":"shared-applicationin-c07f47c2-ab75-425b-963c-78b2-c971be0d","source":"Invoker","id":"/providers/Microsoft.PowerApps/apis/shared_applicationinsights","tier":"NotSpecified"},"shared_office365":{"connectionName":"d24e01727dc342ee81959f637776bd3a","source":"Invoker","id":"/providers/Microsoft.PowerApps/apis/shared_office365","tier":"NotSpecified"}},"flowFailureAlertSubscribed":false}}