{"name":"592040fa-42b0-44d8-b300-00947abea59d","id":"/providers/Microsoft.Flow/flows/592040fa-42b0-44d8-b300-00947abea59d","type":"Microsoft.Flow/flows","properties":{"apiId":"/providers/Microsoft.PowerApps/apis/shared_logicflows","displayName":"Copy of - Button -> Post adaptive card in a chat or channel","definition":{"metadata":{"workflowEntityId":null,"processAdvisorMetadata":null,"flowclientsuspensionreason":"None","flowclientsuspensiontime":null,"creator":{"id":"8b2ef54b-5f09-4e08-a5a8-82a112e7c58e","type":"User","tenantId":"84c31ca0-ac3b-4eae-ad11-519d80233e6f"},"provisioningMethod":"FromDefinition","failureAlertSubscription":true,"clientLastModifiedTime":"2021-10-19T17:37:06.9335059Z"},"$schema":"https://schema.management.azure.com/providers/Microsoft.Logic/schemas/2016-06-01/workflowdefinition.json#","contentVersion":"1.0.0.0","parameters":{"$connections":{"defaultValue":{},"type":"Object"},"$authentication":{"defaultValue":{},"type":"SecureObject"}},"triggers":{"When_I'm_@mentioned":{"type":"OpenApiConnectionWebhook","inputs":{"host":{"apiId":"/providers/Microsoft.PowerApps/apis/shared_teams","connectionName":"shared_teams","operationId":"WebhookAtMentionTrigger"},"parameters":{"threadType":"channel","requestBody/groupId":"5079e164-7b6a-494f-8a34-2898985e1f01","requestBody/channels":["19:b86a6cf821c1424d88bbaabca7d06f93@thread.tacv2"]},"authentication":"@parameters('$authentication')"}}},"actions":{"Post_adaptive_card_and_wait_for_a_response":{"runAfter":{},"type":"OpenApiConnectionWebhook","inputs":{"host":{"apiId":"/providers/Microsoft.PowerApps/apis/shared_teams","connectionName":"shared_teams","operationId":"PostCardAndWaitForResponse"},"parameters":{"poster":"Flow bot","location":"Channel","body/body/messageBody":"{\n    \"type\": \"AdaptiveCard\",\n    \"$schema\": \"http://adaptivecards.io/schemas/adaptive-card.json\",\n    \"version\": \"1.2\",\n    \"body\": [\n        {\n            \"type\": \"TextBlock\",\n            \"text\": \"Ask your question\",\n            \"wrap\": true,\n            \"id\": \"title\",\n            \"size\": \"Large\",\n            \"fontType\": \"Default\"\n        },\n        {\n            \"type\": \"Input.Text\",\n            \"placeholder\": \"Provide your queries here\",\n            \"isMultiline\": true,\n            \"separator\": true,\n            \"id\": \"thoughts\"\n        },\n        {\n            \"type\": \"ActionSet\",\n            \"url\": \"${https://mybott.azurewebsites.net}\",\n            \"actions\": [\n                {\n                    \"type\": \"Action.Submit\",\n                    \"title\": \"Submit\",\n                    \"style\": \"positive\",\n                    \"id\": \"submit\"\n                }\n            ]\n        }\n    ]\n}","body/body/updateMessage":"Please wait for your response!","body/body/recipient/groupId":"5079e164-7b6a-494f-8a34-2898985e1f01","body/body/recipient/channelId":"19:b86a6cf821c1424d88bbaabca7d06f93@thread.tacv2"},"authentication":"@parameters('$authentication')"}},"Compose":{"runAfter":{"Post_adaptive_card_and_wait_for_a_response":["Succeeded"]},"type":"Compose","inputs":"@outputs('Post_adaptive_card_and_wait_for_a_response')?['body/data/thoughts']"},"HTTP":{"runAfter":{"Compose":["Succeeded"]},"type":"Http","inputs":{"method":"POST","uri":"https://mybott.azurewebsites.net/qnamaker/knowledgebases//67c41ea4-b877-45b4-a35b-f8a9e432b51d/generateAnswer","headers":{"Authorization":"EndpointKey a050d923-f835-46c8-accd-a7339e2d9f58","Content-Type":"application/json"},"body":{"question":"@{outputs('Compose')}"}}},"Initialize_variable":{"runAfter":{"HTTP":["Succeeded"]},"type":"InitializeVariable","inputs":{"variables":[{"name":"Answer","type":"string"}]}},"Apply_to_each":{"foreach":"@body('HTTP')?['answers']","actions":{"Set_variable":{"runAfter":{},"type":"SetVariable","inputs":{"name":"Answer","value":"@{items('Apply_to_each')?['answer']}"}}},"runAfter":{"Initialize_variable":["Succeeded"]},"type":"Foreach"},"Get_an_@mention_token_for_a_user":{"runAfter":{"Apply_to_each":["Succeeded"]},"type":"OpenApiConnection","inputs":{"host":{"apiId":"/providers/Microsoft.PowerApps/apis/shared_teams","connectionName":"shared_teams","operationId":"AtMentionUser"},"parameters":{"userId":"@outputs('Post_adaptive_card_and_wait_for_a_response')?['body/responder/userPrincipalName']"},"authentication":"@parameters('$authentication')"}},"Post_a_choice_of_options_as_the_Flow_bot_to_a_user":{"runAfter":{"Post_message_in_a_chat_or_channel_3":["Succeeded"]},"type":"OpenApiConnectionWebhook","inputs":{"host":{"apiId":"/providers/Microsoft.PowerApps/apis/shared_teams","connectionName":"shared_teams","operationId":"SubscribeUserMessageWithOptions"},"parameters":{"UserMessageWithOptionsSubscriptionRequest/body/options":["Yes","No"],"UserMessageWithOptionsSubscriptionRequest/body/recipient/to":"@{outputs('Post_adaptive_card_and_wait_for_a_response')?['body/responder/userPrincipalName']};","UserMessageWithOptionsSubscriptionRequest/body/messageBody":"Did that answer your question?","UserMessageWithOptionsSubscriptionRequest/body/recipient/isAlert":true},"authentication":"@parameters('$authentication')"}},"Condition":{"actions":{"Post_message_in_a_chat_or_channel":{"runAfter":{},"type":"OpenApiConnection","inputs":{"host":{"apiId":"/providers/Microsoft.PowerApps/apis/shared_teams","connectionName":"shared_teams","operationId":"PostMessageToConversation"},"parameters":{"poster":"Flow bot","location":"Chat with Flow bot","body/recipient":"@{outputs('Post_adaptive_card_and_wait_for_a_response')?['body/responder/userPrincipalName']};","body/messageBody":"<p>Thank you! For more information visit <a href=\"https://docs.microsoft.com/en-us/learn/educator-center/programs/msle/\">Microsoft Learn Educator Program</a></p>"},"authentication":"@parameters('$authentication')"}}},"runAfter":{"Post_a_choice_of_options_as_the_Flow_bot_to_a_user":["Succeeded"]},"else":{"actions":{"Post_adaptive_card_and_wait_for_a_response_2":{"runAfter":{},"type":"OpenApiConnectionWebhook","inputs":{"host":{"apiId":"/providers/Microsoft.PowerApps/apis/shared_teams","connectionName":"shared_teams","operationId":"PostCardAndWaitForResponse"},"parameters":{"poster":"Flow bot","location":"Chat with Flow bot","body/body/messageBody":"{\n    \"type\": \"AdaptiveCard\",\n    \"$schema\": \"http://adaptivecards.io/schemas/adaptive-card.json\",\n    \"version\": \"1.2\",\n    \"body\": [\n        {\n            \"type\": \"TextBlock\",\n            \"text\": \"Post your question\",\n            \"wrap\": true,\n            \"id\": \"title\",\n            \"size\": \"Large\",\n            \"fontType\": \"Default\"\n        },\n        {\n            \"type\": \"Input.Text\",\n            \"placeholder\": \"Provide your queries here\",\n            \"isMultiline\": true,\n            \"separator\": true,\n            \"id\": \"thoughts\"\n        },\n        {\n            \"type\": \"ActionSet\",\n            \"url\": \"${https://mybott.azurewebsites.net}\",\n            \"actions\": [\n                {\n                    \"type\": \"Action.Submit\",\n                    \"title\": \"Submit\",\n                    \"style\": \"positive\",\n                    \"id\": \"submit\"\n                }\n            ]\n        }\n    ]\n}","body/body/updateMessage":"Thanks for your response!","body/body/recipient/to":"@{outputs('Post_adaptive_card_and_wait_for_a_response')?['body/responder/userPrincipalName']};"},"authentication":"@parameters('$authentication')"}},"Compose_2":{"runAfter":{"Post_message_in_a_chat_or_channel_2":["Succeeded"]},"type":"Compose","inputs":"@outputs('Post_adaptive_card_and_wait_for_a_response_2')?['body/data/thoughts']"},"Create_item":{"runAfter":{"Compose_2":["Succeeded"]},"type":"OpenApiConnection","inputs":{"host":{"apiId":"/providers/Microsoft.PowerApps/apis/shared_sharepointonline","connectionName":"shared_sharepointonline","operationId":"PostItem"},"parameters":{"dataset":"https://stdntpartners.sharepoint.com/sites/PowerPlatformQnAMakerBot","table":"e19a0630-18f9-441d-8955-664c2b78f7f9","item/Title":"@outputs('Compose_2')"},"authentication":"@parameters('$authentication')"}},"Send_an_email_(V2)":{"runAfter":{"Create_item":["Succeeded"]},"type":"OpenApiConnection","inputs":{"host":{"apiId":"/providers/Microsoft.PowerApps/apis/shared_office365","connectionName":"shared_office365","operationId":"SendEmailV2"},"parameters":{"emailMessage/To":"Someleze.Diko@studentambassadors.com","emailMessage/Subject":"New Question!","emailMessage/Body":"<p>There's an unanswered question please reply and update with an answer <a href=\" @{outputs('Create_item')?['body/{Link}']}\" >here</a></p>"},"authentication":"@parameters('$authentication')"}},"Post_message_in_a_chat_or_channel_2":{"runAfter":{"Post_adaptive_card_and_wait_for_a_response_2":["Succeeded"]},"type":"OpenApiConnection","inputs":{"host":{"apiId":"/providers/Microsoft.PowerApps/apis/shared_teams","connectionName":"shared_teams","operationId":"PostMessageToConversation"},"parameters":{"poster":"Flow bot","location":"Chat with Flow bot","body/recipient":"@{outputs('Post_adaptive_card_and_wait_for_a_response_2')?['body/responder/userPrincipalName']};","body/messageBody":"<p>Thank you! For more information visit <a href=\"https://docs.microsoft.com/en-us/learn/educator-center/programs/msle/\">Microsoft Learn Educator Program</a></p>"},"authentication":"@parameters('$authentication')"}}}},"expression":{"equals":["@outputs('Post_a_choice_of_options_as_the_Flow_bot_to_a_user')?['body/selectedOption']","Yes"]},"type":"If"},"Post_message_in_a_chat_or_channel_3":{"runAfter":{"Get_an_@mention_token_for_a_user":["Succeeded"]},"type":"OpenApiConnection","inputs":{"host":{"apiId":"/providers/Microsoft.PowerApps/apis/shared_teams","connectionName":"shared_teams","operationId":"PostMessageToConversation"},"parameters":{"poster":"Flow bot","location":"Channel","body/recipient/groupId":"5079e164-7b6a-494f-8a34-2898985e1f01","body/recipient/channelId":"19:b86a6cf821c1424d88bbaabca7d06f93@thread.tacv2","body/messageBody":"<p>Hi @{outputs('Get_an_@mention_token_for_a_user')?['body/atMention']} your answer is: <br>\n<br>\n@{variables('Answer')}</p>"},"authentication":"@parameters('$authentication')"}}},"outputs":{}},"connectionReferences":{"shared_teams":{"connectionName":"shared-teams-00e391fd-fcc8-4c80-8bb7-c6db-bebf3b84","source":"Embedded","id":"/providers/Microsoft.PowerApps/apis/shared_teams","tier":"NotSpecified"},"shared_sharepointonline":{"connectionName":"2761475da8264a91bf6de5db2bad498f","source":"Embedded","id":"/providers/Microsoft.PowerApps/apis/shared_sharepointonline","tier":"NotSpecified"},"shared_office365":{"connectionName":"d24e01727dc342ee81959f637776bd3a","source":"Embedded","id":"/providers/Microsoft.PowerApps/apis/shared_office365","tier":"NotSpecified"}},"flowFailureAlertSubscribed":false}}